Model,Accuracy,Precision (micro),Recall (micro),F1 (micro),Hamming Loss
Linear SVM,0.01834862385321101,0.7566009104704097,0.225549624536325,0.3475048787287427,0.016397462439267037
Logistic Regression,0.0,0.07042430421644465,0.8623903012756717,0.13021502144750144,0.2230349142294664
Softmax Regression,0.0,0.07042430421644465,0.8623903012756717,0.13021502144750144,0.2230349142294664
Decision Tree,0.010193679918450561,0.5299665946158381,0.24400615217587984,0.33415933589394126,0.018825029512630004
Weighted KNN,0.060652395514780834,0.6498130385303202,0.3616212792906903,0.46465938153917696,0.016131235747238775
